Total Revenue,Total Profit,Profit Margin,Total Customers,Total Orders,Avg Order Value,Unique Products
2297200.8603000003,286397.0217,12.467217240315604,793,5009,458.61466566180883,1862
